<?xml version="1.0" encoding="UTF-8" standalone="yes"?>
<addon id="repository.vbprofi" name="vbprofis Repository for Kodi 19+" version="2.0.1" provider-name="vbprofi">
	<extension point="xbmc.addon.repository" name="vbprofis Repository for Kodi 19+">
		<dir minversion="19.0.0">
			<info compressed="false">https://raw.github.com/vbprofi/kodi-19---repo/main/addons.xml</info>
			<checksum>https://raw.github.com/vbprofi/kodi-19---repo/main/addons.xml.md5</checksum>
			<datadir zip="true">https://raw.github.com/vbprofi/kodi-19---repo/main/</datadir>
			<hashes>false</hashes>
		</dir>
	</extension>
	<extension point="xbmc.addon.metadata">
		<summary>vbprofi Repository for Kodi 19+ / Python 3.x+</summary>
		<description>Download and install Addons from the Official vbprofi Addon-Repository.[CR]Before a new version of Addons is provided to this repository the addon was checked for functionality. Please informs me if you should have problems anyway.[CR][CR]The creators of the addons in this repository do not host or distribute any of the content displayed by the addons nor do they have any affiliation with the content providers.</description>
		<platform>all</platform>
	</extension>
</addon>
